province,scenario,n_historical_months_in_pool,p10_risk,p50_risk,p90_risk,mean_risk,prob_over_threshold
Badakhshan,driest_tercile,29,0.02344552751837889,0.4632896117143029,0.9544734538815167,0.48923204775821105,0.4486
Badakhshan,all_months,86,0.0012680999151568305,0.04086840467384366,0.8945090368350526,0.22843272714768473,0.202
Badakhshan,wettest_tercile,29,0.0005926629159857984,0.00438023730615107,0.01819377420483396,0.008446257165691137,0.0
Badghis,driest_tercile,28,0.03175604412478164,0.7740486552698295,0.9603194715063186,0.5706477926785339,0.6446
Badghis,all_months,84,0.0009476044416750105,0.054341988450583995,0.9272354670211858,0.2651097684515833,0.2612
Badghis,wettest_tercile,30,0.00039001441551835084,0.003709195684341749,0.07839137375386603,0.025620329226413083,0.0
Baghlan,driest_tercile,28,0.005958547611635892,0.19675298097304406,0.8696468013598276,0.3701939227241448,0.385
Baghlan,all_months,83,0.0016603475343784431,0.027960959413620538,0.8362009923578322,0.2153511368546329,0.188
Baghlan,wettest_tercile,28,0.00038654030084670323,0.003486543274347729,0.06497277939534331,0.05314161093776183,0.0402
Balkh,driest_tercile,28,0.05438863635523695,0.7103707619227122,0.9696763740679328,0.6222455805220066,0.6794
Balkh,all_months,83,0.001804241069587905,0.13779995260072445,0.9233316760016683,0.3301895353458459,0.3192
Balkh,wettest_tercile,31,0.0003932370467324916,0.026665521959249348,0.31797768272706856,0.11681546627071898,0.09
Bamyan,driest_tercile,28,0.016207677276388156,0.6201641126684092,0.9478001129207431,0.5201602954894073,0.5398
Bamyan,all_months,83,0.0015956338685965707,0.09692510544881304,0.8935084624364706,0.2663388072146032,0.2198
Bamyan,wettest_tercile,28,0.0010393204431332753,0.006763647179073454,0.3496688782426401,0.09043597798614288,0.0676
Daykundi,driest_tercile,28,0.008637645873047722,0.4487405126587568,0.9460183174769222,0.4475039544145222,0.469
Daykundi,all_months,83,0.0013098388401940578,0.0628148720805,0.8097939281816637,0.21493542460017162,0.1828
Daykundi,wettest_tercile,28,0.0004954505274855218,0.009743497631293393,0.3088151919289479,0.05772852718902227,0.0384
Farah,driest_tercile,29,0.045055875994973904,0.4084799598117733,0.9755362865615443,0.4667590932748116,0.4482
Farah,all_months,86,0.004819392094637955,0.08679171341256696,0.7301507561633991,0.23937731705365792,0.1966
Farah,wettest_tercile,29,0.0019459396610649262,0.011713646601492269,0.12941255879688396,0.03960745147627225,0.0
Faryab,driest_tercile,28,0.012162690788593066,0.5280414183642144,0.9689644377629325,0.5157792437103537,0.5164
Faryab,all_months,83,0.0008968214252762873,0.05493668573665885,0.9397614707621137,0.2699919700560781,0.2576
Faryab,wettest_tercile,28,0.00027464537230447193,0.0029560426065881763,0.2349957417557472,0.06461552735453951,0.0384
Ghazni,driest_tercile,28,0.03669547748403103,0.6460710726819757,0.9717595618665286,0.5418824478381877,0.5058
Ghazni,all_months,83,0.0027810097292829653,0.06645365435513903,0.8862764644535868,0.27674767277723833,0.2302
Ghazni,wettest_tercile,28,0.0018989138123313742,0.0070247124136911645,0.12798094310792182,0.0521639051034348,0.035
Ghor,driest_tercile,28,0.03024961381265684,0.6252572376348308,0.9529890497705572,0.538099620032211,0.5266
Ghor,all_months,83,0.0017470536690798724,0.16990058538974817,0.914305006602606,0.32636527530715775,0.2962
Ghor,wettest_tercile,28,0.0012855060209141468,0.0062281495806093485,0.2976764552310448,0.09375697095896567,0.0698
Hilmand,driest_tercile,28,0.1683031946452813,0.5460832455708354,0.9493725726955502,0.5559972639803956,0.5068
Hilmand,all_months,83,0.0019046589947612352,0.16216219949770597,0.8528173401069676,0.2879878496823374,0.221
Hilmand,wettest_tercile,28,0.0003681048169398177,0.012201874886008705,0.07391721937002121,0.02567557988530931,0.0
Hirat,driest_tercile,29,0.0896748557673686,0.7102904740939042,0.9127008308793377,0.5756865685156097,0.6572
Hirat,all_months,86,0.001134679856105685,0.10389459510697263,0.8692055839026653,0.2853230079352929,0.2764
Hirat,wettest_tercile,29,0.00027045932057504835,0.005542173507047498,0.04339288080846397,0.02386852271004157,0.0
Jawzjan,driest_tercile,28,0.04334082388216055,0.8824515974769352,0.9806725747823991,0.6564043147262436,0.6702
Jawzjan,all_months,83,0.0014392828919145581,0.1301530437153243,0.948189032432198,0.3482414323328549,0.3108
Jawzjan,wettest_tercile,29,8.720289561709253e-05,0.006385801366874853,0.13275205197392984,0.07938722691964449,0.064
Kabul,driest_tercile,27,0.008030379766480864,0.33556686449240863,0.9177748058951648,0.3686508958597569,0.2982
Kabul,all_months,82,0.0006859751521743908,0.030404812261872794,0.6415106715065615,0.16953200235860003,0.1208
Kabul,wettest_tercile,28,0.00032420474784152425,0.0026134790422460705,0.06630603830177166,0.05193333209330659,0.0406
Kandahar,driest_tercile,28,0.11711306638021642,0.5140567973703639,0.9483768480823299,0.5360451140856956,0.5332
Kandahar,all_months,83,0.0030951679878614496,0.14976783952114556,0.8261245884340066,0.2608629887940104,0.2054
Kandahar,wettest_tercile,28,0.00035874776958860955,0.007728942777852109,0.13809798316380925,0.05632250973750522,0.038
Kapisa,driest_tercile,27,0.0018183888146701315,0.07090239679360816,0.8998725069688568,0.19350967592248333,0.1886
Kapisa,all_months,82,0.0003613302447812752,0.0031679973801362945,0.17250540248045484,0.09333903917525975,0.0874
Kapisa,wettest_tercile,28,9.920232812334837e-05,0.0005688329707451542,0.005411747275215488,0.003247106341395718,0.0
Khost,driest_tercile,28,0.030273690683349733,0.5231700934005615,0.958178599579175,0.4719795298601099,0.538
Khost,all_months,83,0.0006414775786974089,0.012318460792407424,0.8716685555136214,0.18708688750622066,0.195
Khost,wettest_tercile,28,0.0002686321793778562,0.0012577242118775016,0.009258782468803422,0.0031049955159624205,0.0
Kunar,driest_tercile,29,0.0006000144945406202,0.05204162665231463,0.3787337963626157,0.1307728412099441,0.074
Kunar,all_months,87,0.00017586549865424283,0.002378091447642431,0.13907248326657187,0.0455245953302823,0.02
Kunar,wettest_tercile,29,7.557327632114811e-05,0.00041576715423974364,0.0016256926396712174,0.0008779425378198935,0.0
Kunduz,driest_tercile,28,0.04604711252641642,0.737342314146702,0.9625954816497997,0.5977371545147935,0.6426
Kunduz,all_months,83,0.0011241128075836413,0.057781736541548015,0.9276957087319457,0.2701580430463981,0.2658
Kunduz,wettest_tercile,28,0.0003921511603277182,0.005423187545545386,0.09764304383237167,0.033670437851454536,0.0
Laghman,driest_tercile,29,0.010195214169929676,0.1783548021967013,0.7895279842323619,0.2866657713546171,0.2016
Laghman,all_months,87,0.0012964837060050502,0.02306415711427444,0.4239084735307104,0.1359505524388215,0.072
Laghman,wettest_tercile,29,0.00016703202068698032,0.00442947049394794,0.010396768917137575,0.004677217342510689,0.0
Logar,driest_tercile,27,0.02832443920222738,0.410130877247024,0.870193843760471,0.414633401256452,0.4454
Logar,all_months,82,0.0016039717476767248,0.04349156931295192,0.6868817932021899,0.21263854506338495,0.1904
Logar,wettest_tercile,28,0.0004217548463229444,0.004506173245714636,0.11747913715451959,0.06300832824818513,0.038
Nangarhar,driest_tercile,29,0.007675026536879253,0.2949627388263397,0.914077098113356,0.3736742197327529,0.3462
Nangarhar,all_months,87,0.0005327756537545375,0.01687116132801534,0.5790790710261339,0.1588257736507109,0.1282
Nangarhar,wettest_tercile,29,0.0003191239464339905,0.0016217895334123794,0.005931533038626964,0.002218887159771984,0.0
Nimroz,driest_tercile,28,0.08623657406839572,0.6960929066721534,0.9612838042006637,0.578464256465202,0.5774
Nimroz,all_months,84,0.0009811725731029685,0.11379364399586575,0.8942944087326727,0.2749397087544723,0.2436
Nimroz,wettest_tercile,28,0.0002513560775449124,0.003452753387035645,0.06087781162474533,0.014074982922220237,0.0
Nuristan,driest_tercile,28,0.001568773486671649,0.03470362845793257,0.7376869728680823,0.1581699112346911,0.105
Nuristan,all_months,85,0.0003193456509970112,0.005401093951199852,0.1440066803008235,0.07153415519139933,0.0472
Nuristan,wettest_tercile,29,0.00021564620116768418,0.0008102561222474699,0.0043917423127050065,0.0024681052122921244,0.0
Paktika,driest_tercile,28,0.06974374756570552,0.6689740489972583,0.9559211682970391,0.5355799984144752,0.5318
Paktika,all_months,83,0.0014485076454065697,0.09394516770395585,0.836820954506746,0.24501770182035662,0.1994
Paktika,wettest_tercile,28,0.0004025344312752677,0.003602062653807038,0.02998109295873237,0.01536475897923453,0.0
Paktya,driest_tercile,27,0.0072285560147334,0.2954379653384433,0.8505681918798682,0.38788561474335104,0.405
Paktya,all_months,82,0.0009876152728599456,0.033867826146426944,0.6547597723367734,0.1831283291641363,0.16
Paktya,wettest_tercile,28,0.0003798597475136612,0.0018209818271494361,0.014231340848718738,0.00813999514828185,0.0
Panjsher,driest_tercile,28,0.0017584461348941153,0.05213948533509252,0.6183738380381857,0.16061625923698558,0.145
Panjsher,all_months,84,0.0004007823696661211,0.008089755380969765,0.20735155222297666,0.08972571446464346,0.0742
Panjsher,wettest_tercile,28,0.00013887667062959278,0.0007130302967372583,0.01627298695503927,0.0058030936017586625,0.0
Parwan,driest_tercile,28,0.0006740752969021947,0.030032888787762953,0.40483521742027373,0.12705721265863745,0.0368
Parwan,all_months,83,0.0003733954292323777,0.006468315986073415,0.34847237516915563,0.09215028297411833,0.0516
Parwan,wettest_tercile,28,0.0001545178537822124,0.0013020793577329143,0.021570697282398445,0.038267917871260625,0.0376
Samangan,driest_tercile,28,0.011679224322981402,0.25111224707374497,0.9552594298771844,0.4017113273963374,0.4014
Samangan,all_months,83,0.002092416866454001,0.042006098253627056,0.8563306634126501,0.23397721383367967,0.2168
Samangan,wettest_tercile,28,0.000386163156390714,0.007149444535353391,0.8582989121042774,0.13119890913505783,0.1168
Sar-e-Pul,driest_tercile,28,0.025200967503177418,0.7323899333374534,0.9647396910626435,0.5569847107246337,0.5744
Sar-e-Pul,all_months,83,0.001810125410323654,0.04888123411211774,0.8686922588619821,0.2713835027129879,0.2682
Sar-e-Pul,wettest_tercile,30,0.000695183465468572,0.01327248061152755,0.21757836111515483,0.092297377170283,0.0684
Takhar,driest_tercile,29,0.061428628117244345,0.4383909062198328,0.9170946703143988,0.45109830484312363,0.4446
Takhar,all_months,86,0.0014001477447783933,0.08932265280455276,0.8798521690395523,0.25006012091409263,0.2414
Takhar,wettest_tercile,29,0.00021698503015065627,0.003813060622339377,0.3179989067280333,0.07695680797149891,0.0674
Uruzgan,driest_tercile,28,0.04530567532093213,0.4052872690925985,0.9242083897080772,0.4446902642415442,0.4616
Uruzgan,all_months,83,0.0012276684518992172,0.0670431914525765,0.8066307054186045,0.22860996868977598,0.2044
Uruzgan,wettest_tercile,28,0.00034904923256710727,0.007450020726183721,0.20963515699351656,0.03774030862020308,0.0
Wardak,driest_tercile,28,0.00725573094304999,0.6049357296184155,0.94613158678607,0.5141701828670644,0.5626
Wardak,all_months,83,0.0020458819063623986,0.06270949257989088,0.8982540025708379,0.2711607479423501,0.274
Wardak,wettest_tercile,28,0.0013035462669629874,0.004355602994751276,0.20267359686386102,0.06227259814269305,0.0372
Zabul,driest_tercile,28,0.022760553280633856,0.22351396636169077,0.9425058321609631,0.4047412053046057,0.4568
Zabul,all_months,83,0.003120064713885325,0.07454605972467127,0.7747333461806536,0.20129278296829756,0.1748
Zabul,wettest_tercile,28,0.0006039952758824451,0.010705464169587753,0.04876313131900409,0.02335896751650929,0.0
